Name, Title, Email, Role
Lindsay Walton, Front-end Developer, lindsay.walton@example.com, Member 
Lindsay Walton, Front-end Developer, lindsay.walton@example.com, Member 
Lindsay Walton, Front-end Developer, lindsay.walton@example.com, Member 
Lindsay Walton, Front-end Developer, lindsay.walton@example.com, Member 
Lindsay Walton, Front-end Developer, lindsay.walton@example.com, Member 
Lindsay Walton, Front-end Developer, lindsay.walton@example.com, Member 
Lindsay Walton, Front-end Developer, lindsay.walton@example.com, Member 
Lindsay Walton, Front-end Developer, lindsay.walton@example.com, Member 
Lindsay Walton, Front-end Developer, lindsay.walton@example.com, Member 
Lindsay Walton, Front-end Developer, lindsay.walton@example.com, Member 